{
  "timestamp": "2025-06-02T16:47:44.936912",
  "calibration_type": "improved_robust",
  "collection_info": {
    "duration": 2933.5832459926605,
    "sample_count": 293327,
    "sampling_rate": 99.9893220690741,
    "start_timestamp": 1748233305.386858,
    "end_timestamp": 1748236238.970104
  },
  "bias_estimation": {
    "accel_bias": {
      "x": 0.0526724365234375,
      "y": 0.12210428466796874,
      "z": 0.16663831787109196
    },
    "gyro_bias": {
      "x": 0.009587379924285258,
      "y": 0.0002663161090079238,
      "z": 0.018642127630554665
    }
  },
  "statistics": {
    "accel_std": [
      0.14883395655619486,
      0.17394578398172547,
      0.07488469730180825
    ],
    "gyro_std": [
      0.008520706719062784,
      0.007443719254149062,
      0.0034844386492634914
    ],
    "accel_median": [
      0.0526724365234375,
      0.1197100830078125,
      9.976638317871092
    ],
    "gyro_median": [
      0.009587379924285258,
      0.0002663161090079238,
      0.018642127630554665
    ],
    "measured_gravity": 9.977495528195279
  },
  "allan_variance": {
    "accel": {
      "tau": "[9.99021530e-03 1.99804306e-02 4.99510765e-02 7.99217224e-02\n 1.39863014e-01 2.49755383e-01 4.39569473e-01 7.59256363e-01\n 1.29872799e+00 2.23780823e+00 3.84623289e+00 6.61352253e+00\n 1.13788552e+01 1.95508513e+01 3.35970941e+01 5.77434444e+01\n 9.92328086e+01 1.70522985e+02 2.93023005e+02]",
      "sigma": "[[0.13054178 0.15591495 0.07123815]\n [0.14024337 0.16993701 0.04448445]\n [0.0317439  0.03228173 0.02475146]\n [0.04292998 0.04854209 0.02114546]\n [0.01955044 0.02092996 0.01340241]\n [0.01262735 0.01440071 0.00995147]\n [0.01066528 0.01245355 0.00730758]\n [0.00813768 0.00955953 0.00583882]\n [0.00635527 0.00712931 0.00500053]\n [0.00615445 0.00688388 0.00546081]\n [0.00767433 0.00874463 0.00724714]\n [0.01135657 0.01270025 0.01079469]\n [0.01704105 0.01820464 0.0167119 ]\n [0.02355601 0.02173496 0.02453855]\n [0.02679887 0.01672431 0.02918045]\n [0.01768276 0.00986011 0.01694091]\n [0.00530554 0.00482661 0.00472316]\n [0.00376809 0.00333192 0.00439254]\n [0.00447013 0.00413292 0.00642252]]",
      "bias_stability": "[0.00376809 0.00333192 0.00439254]",
      "sensor_name": "\uac00\uc18d\ub3c4\uacc4"
    },
    "gyro": {
      "tau": "[9.99021530e-03 1.99804306e-02 4.99510765e-02 7.99217224e-02\n 1.39863014e-01 2.49755383e-01 4.39569473e-01 7.59256363e-01\n 1.29872799e+00 2.23780823e+00 3.84623289e+00 6.61352253e+00\n 1.13788552e+01 1.95508513e+01 3.35970941e+01 5.77434444e+01\n 9.92328086e+01 1.70522985e+02 2.93023005e+02]",
      "sigma": "[[0.00717471 0.00653679 0.00320791]\n [0.00808127 0.00676926 0.00275775]\n [0.00175455 0.00217352 0.00127089]\n [0.00236117 0.0022411  0.0011103 ]\n [0.00109556 0.00133588 0.00075908]\n [0.00077363 0.0009695  0.00056397]\n [0.00061443 0.00075423 0.00043106]\n [0.00050448 0.00057915 0.00033298]\n [0.00044869 0.00046715 0.00026774]\n [0.00047885 0.00040981 0.00023104]\n [0.00063058 0.00046974 0.0002367 ]\n [0.0009319  0.0006407  0.00030943]\n [0.0014665  0.00098189 0.00046646]\n [0.00210179 0.00142359 0.00067668]\n [0.00255457 0.00169919 0.0008411 ]\n [0.00159763 0.00099969 0.00050833]\n [0.0004562  0.0002655  0.00014853]\n [0.00057292 0.00026064 0.00019426]\n [0.00046348 0.000302   0.00014019]]",
      "bias_stability": "[0.00044869 0.00026064 0.00014019]",
      "sensor_name": "\uc790\uc774\ub85c\uc2a4\ucf54\ud504"
    }
  },
  "gravity_magnitude": 9.81
}